modelo,limiar,comunidades,modularidade,maior_comunidade,menor_comunidade,media_comunidades,nos,arestas,densidade,grau_medio,clustering,componentes,conectada
Todas as Cadeias,6,16,0.8604381,62,17,35.75,572,1765,0.01080793112316755,6.171328671328672,0.5654415029415027,1,True
Todas as Cadeias,8,14,0.792951,58,17,40.857142857142854,572,2828,0.017317183691964777,9.888111888111888,0.5449337775438149,1,True
Todas as Cadeias,10,11,0.7263464,78,33,52.0,572,5261,0.032215595262880724,18.395104895104897,0.549542516104136,1,True
Mesma Cadeia,6,17,0.87784964,62,17,33.64705882352941,572,1729,0.010587486069097278,6.045454545454546,0.5838147963147964,4,False
Mesma Cadeia,8,12,0.83522916,73,17,47.666666666666664,572,2648,0.016214958421613412,9.258741258741258,0.5818477813721551,4,False
Mesma Cadeia,10,10,0.79237247,90,35,57.2,572,4749,0.02908037671610351,16.604895104895103,0.5877137731521191,4,False
